,RMSE,MAE,R2
Random Forest,0.05420979343167767,0.03147168246519632,0.9060471710490339
